{
  "type": "step_based",
  "name": "Email",
  "active": false,
  "creationTag": {
    "versionNumber": 11,
    "lastModifiedBy": {
      "login": "andy.holst"
    },
    "lastModifiedOn": 1695150049796,
    "extendedProperties": {}
  },
  "versionTag": {
    "versionNumber": 12,
    "lastModifiedBy": {
      "login": "andy.holst"
    },
    "lastModifiedOn": 1695150105268,
    "extendedProperties": {}
  },
  "checklists": {
    "checklists": []
  },
  "delayedTriggersBehavior": {
    "delayWhileRunning": true,
    "squashDelayedTriggers": true,
    "suppressTriggersWhileRunning": true
  },
  "tags": [],
  "triggers": [],
  "reporters": [],
  "params": {
    "steps": [
      {
        "id": "report1df9e4ec4c74bdeb584a1be8c6471078",
        "type": "send_report",
        "name": "Step #1",
        "runConditionType": "RUN_IF_STATUS_MATCH",
        "runConditionStatuses": [
          "SUCCESS",
          "WARNING"
        ],
        "runConditionExpression": "",
        "resetScenarioStatus": false,
        "delayBetweenRetries": 10,
        "maxRetriesOnFail": 0,
        "params": {
          "failOnMessageNotSent": true,
          "messaging": {
            "type": "mail-scenario",
            "configuration": {
              "channelId": "email",
              "subject": "DSS scenario ${scenarioName}: ${outcome}",
              "recipient": "andy.holst@dataiku.com",
              "sendAsHTML": true,
              "attachments": [
                {
                  "type": "DATASET",
                  "params": {
                    "exportParams": {
                      "destinationType": "DOWNLOAD",
                      "destinationDatasetProjectKey": "SENDALLEMAILS",
                      "overwriteDestinationDataset": false,
                      "applyExplorationFilters": false,
                      "selection": {
                        "samplingMethod": "FULL",
                        "partitionSelectionMethod": "ALL",
                        "targetRatio": 0.02,
                        "maxRecords": 100000,
                        "ascending": true,
                        "selectedPartitions": [],
                        "ordering": {
                          "enabled": false,
                          "rules": []
                        }
                      },
                      "advancedMode": false,
                      "originatingOptionId": "tsv-excel-header",
                      "format": {
                        "type": "csv",
                        "params": {
                          "style": "excel",
                          "charset": "utf8",
                          "separator": ",",
                          "quoteChar": "\"",
                          "escapeChar": "\\",
                          "dateSerializationFormat": "ISO",
                          "arrayMapFormat": "json",
                          "hiveSeparators": [
                            "\u0002",
                            "\u0003",
                            "\u0004",
                            "\u0005",
                            "\u0006",
                            "\u0007",
                            "\b"
                          ],
                          "skipRowsBeforeHeader": 0,
                          "parseHeaderRow": true,
                          "skipRowsAfterHeader": 0,
                          "probableNumberOfRecords": 0,
                          "normalizeBooleans": false,
                          "normalizeDoubles": true,
                          "readAdditionalColumnsBehavior": "INSERT_IN_DATA_WARNING",
                          "readMissingColumnsBehavior": "DISCARD_SILENT",
                          "readDataTypeMismatchBehavior": "DISCARD_WARNING",
                          "writeDataTypeMismatchBehavior": "DISCARD_WARNING",
                          "fileReadFailureBehavior": "FAIL",
                          "compress": ""
                        }
                      },
                      "destinationDatasetConnection": "filesystem_managed"
                    },
                    "attachedDataset": "dist_list",
                    "addAsHtmlVariable": true,
                    "htmlVariable": "my_dataset_inline"
                  }
                }
              ],
              "messageSource": "INLINE",
              "templateFormat": "FREEMARKER",
              "templateName": "default.ftl",
              "message": "\u003chtml\u003e\n\n\u003chead\u003e     \n    \u003cstyle media\u003d\"screen\"\u003e\n        table {\n            margin: 0 auto;\n            border-collapse: collapse;\n\n        }\n        table td {\n            padding: 0.1rem;\n            border: 1px solid Gray;\n        }\n        table th {\n            padding: 0.5rem;\n            border: 1px solid Black;\n        }\n    \u003c/style\u003e\n\u003c/head\u003e\n\n${my_dataset_inline}\n\n${my_dataset_inline}\n\u003c/html\u003e"
            }
          }
        }
      }
    ]
  },
  "automationLocal": false,
  "customFields": {}
}