{
  "type": "step_based",
  "name": "Send All Emails",
  "active": false,
  "creationTag": {
    "versionNumber": 12,
    "lastModifiedBy": {
      "login": "andy.holst"
    },
    "lastModifiedOn": 1695143847930,
    "extendedProperties": {}
  },
  "versionTag": {
    "versionNumber": 13,
    "lastModifiedBy": {
      "login": "andy.holst"
    },
    "lastModifiedOn": 1695143968914,
    "extendedProperties": {}
  },
  "checklists": {
    "checklists": []
  },
  "delayedTriggersBehavior": {
    "delayWhileRunning": true,
    "squashDelayedTriggers": true,
    "suppressTriggersWhileRunning": true
  },
  "tags": [],
  "triggers": [],
  "reporters": [
    {
      "active": true,
      "messaging": {
        "type": "mail-scenario",
        "configuration": {
          "channelId": "email",
          "subject": "DSS scenario ${scenarioName}: ${outcome}",
          "recipient": "andy.holst@dataiku.com",
          "sendAsHTML": false,
          "attachments": [],
          "messageSource": "TEMPLATE_FILE",
          "templateFormat": "FREEMARKER",
          "templateName": "default.ftl"
        }
      },
      "id": "ARFYDEiy",
      "name": "FAIL",
      "runConditionEnabled": true,
      "runCondition": "outcome !\u003d \u0027SUCCESS\u0027 || \u0027WARNING\u0027",
      "phase": "END"
    }
  ],
  "params": {
    "steps": [
      {
        "id": "build_0_true_f_3gbEjvem",
        "type": "build_flowitem",
        "name": "Step #1",
        "runConditionType": "RUN_IF_STATUS_MATCH",
        "runConditionStatuses": [
          "SUCCESS",
          "WARNING"
        ],
        "runConditionExpression": "",
        "resetScenarioStatus": false,
        "delayBetweenRetries": 10,
        "maxRetriesOnFail": 0,
        "params": {
          "builds": [
            {
              "type": "MANAGED_FOLDER",
              "itemId": "3gbEjvem",
              "partitionsSpec": ""
            }
          ],
          "jobType": "RECURSIVE_BUILD",
          "autoUpdateSchemaBeforeEachRecipeRun": false,
          "stopAtFlowZoneBoundary": false,
          "refreshHiveMetastore": true,
          "handleWarningsAs": "WARNING",
          "proceedOnFailure": false
        }
      }
    ]
  },
  "automationLocal": false,
  "customFields": {}
}