{
  "pages": [
    {
      "id": "BHZ1twc",
      "grid": {
        "tiles": []
      },
      "showTitle": false
    }
  ],
  "owner": "andy.holst",
  "listed": true,
  "name": "Send All Emails\u0027s default dashboard",
  "showGrid": true,
  "versionTag": {
    "versionNumber": 0,
    "lastModifiedBy": {
      "login": "andy.holst"
    },
    "lastModifiedOn": 1694033703687,
    "extendedProperties": {}
  },
  "creationTag": {
    "versionNumber": 0,
    "lastModifiedBy": {
      "login": "andy.holst"
    },
    "lastModifiedOn": 1694033703687,
    "extendedProperties": {}
  },
  "tags": [],
  "customFields": {},
  "checklists": {
    "checklists": []
  }
}